{
  "$schema": "https://developer.microsoft.com/json-schemas/spfx-build/package-solution.schema.json",
  "solution": {
    "name": "list-creation-demo-client-side-solution",
    "id": "b6009007-d2f9-4ce9-bb8c-26fd30e82eb5",
    "version": "1.0.0.0",
    "includeClientSideAssets": true,
    "skipFeatureDeployment": true,
    "isDomainIsolated": false,
    "developer": {
      "name": "",
      "websiteUrl": "",
      "privacyUrl": "",
      "termsOfUseUrl": "",
      "mpnId": "Undefined-1.14.0"
    },
    "metadata": {
      "shortDescription": {
        "default": "list-creation-demo description"
      },
      "longDescription": {
        "default": "list-creation-demo description"
      },
      "screenshotPaths": [],
      "videoUrl": "",
      "categories": []
    },
    "features": [
      {
        "title": "list-creation-demo Feature",
        "description": "The feature that activates elements of the list-creation-demo solution.",
        "id": "e8bcfbd1-1712-4902-a740-031dda2ea6c1",
        "version": "1.0.0.0"
      }
    ]
  },
  "paths": {
    "zippedPackage": "solution/list-creation-demo.sppkg"
  }
}
